Date,Region,RegionLevel,Commodity,Price
2025-01-01,Jawa Barat,1,Cabai Rawit Merah,81450.0
2025-01-02,Jawa Barat,1,Cabai Rawit Merah,90300.0
2025-01-03,Jawa Barat,1,Cabai Rawit Merah,91550.0
2025-01-06,Jawa Barat,1,Cabai Rawit Merah,102650.0
2025-01-07,Jawa Barat,1,Cabai Rawit Merah,105550.0
2025-01-08,Jawa Barat,1,Cabai Rawit Merah,108750.0
2025-01-09,Jawa Barat,1,Cabai Rawit Merah,108900.0
2025-01-10,Jawa Barat,1,Cabai Rawit Merah,107200.0
2025-01-13,Jawa Barat,1,Cabai Rawit Merah,107500.0
2025-01-14,Jawa Barat,1,Cabai Rawit Merah,108350.0
2025-01-15,Jawa Barat,1,Cabai Rawit Merah,104650.0
2025-01-16,Jawa Barat,1,Cabai Rawit Merah,103750.0
2025-01-17,Jawa Barat,1,Cabai Rawit Merah,101250.0
2025-01-20,Jawa Barat,1,Cabai Rawit Merah,89600.0
2025-01-21,Jawa Barat,1,Cabai Rawit Merah,84450.0
2025-01-22,Jawa Barat,1,Cabai Rawit Merah,79700.0
2025-01-23,Jawa Barat,1,Cabai Rawit Merah,79300.0
2025-01-24,Jawa Barat,1,Cabai Rawit Merah,79050.0
2025-01-27,Jawa Barat,1,Cabai Rawit Merah,78750.0
2025-01-28,Jawa Barat,1,Cabai Rawit Merah,78750.0
2025-01-29,Jawa Barat,1,Cabai Rawit Merah,78750.0
2025-01-30,Jawa Barat,1,Cabai Rawit Merah,81100.0
2025-01-31,Jawa Barat,1,Cabai Rawit Merah,81250.0
2025-02-03,Jawa Barat,1,Cabai Rawit Merah,79600.0
2025-02-04,Jawa Barat,1,Cabai Rawit Merah,79600.0
2025-02-05,Jawa Barat,1,Cabai Rawit Merah,77300.0
2025-02-06,Jawa Barat,1,Cabai Rawit Merah,75950.0
2025-02-07,Jawa Barat,1,Cabai Rawit Merah,73650.0
2025-02-10,Jawa Barat,1,Cabai Rawit Merah,71000.0
2025-02-11,Jawa Barat,1,Cabai Rawit Merah,70200.0
2025-02-12,Jawa Barat,1,Cabai Rawit Merah,69900.0
2025-02-13,Jawa Barat,1,Cabai Rawit Merah,68950.0
2025-02-14,Jawa Barat,1,Cabai Rawit Merah,67750.0
2025-02-17,Jawa Barat,1,Cabai Rawit Merah,67550.0
2025-02-18,Jawa Barat,1,Cabai Rawit Merah,67000.0
2025-02-19,Jawa Barat,1,Cabai Rawit Merah,70650.0
2025-02-20,Jawa Barat,1,Cabai Rawit Merah,71800.0
2025-02-21,Jawa Barat,1,Cabai Rawit Merah,74150.0
2025-02-24,Jawa Barat,1,Cabai Rawit Merah,82300.0
2025-02-25,Jawa Barat,1,Cabai Rawit Merah,86800.0
2025-02-26,Jawa Barat,1,Cabai Rawit Merah,95350.0
2025-02-27,Jawa Barat,1,Cabai Rawit Merah,98900.0
2025-02-28,Jawa Barat,1,Cabai Rawit Merah,103700.0
2025-03-03,Jawa Barat,1,Cabai Rawit Merah,116850.0
2025-03-04,Jawa Barat,1,Cabai Rawit Merah,121850.0
2025-03-05,Jawa Barat,1,Cabai Rawit Merah,117400.0
2025-03-06,Jawa Barat,1,Cabai Rawit Merah,107200.0
2025-03-07,Jawa Barat,1,Cabai Rawit Merah,96700.0
2025-03-10,Jawa Barat,1,Cabai Rawit Merah,93400.0
2025-03-11,Jawa Barat,1,Cabai Rawit Merah,94350.0
2025-03-12,Jawa Barat,1,Cabai Rawit Merah,91300.0
2025-03-13,Jawa Barat,1,Cabai Rawit Merah,91150.0
2025-03-14,Jawa Barat,1,Cabai Rawit Merah,92500.0
2025-03-17,Jawa Barat,1,Cabai Rawit Merah,102900.0
2025-03-18,Jawa Barat,1,Cabai Rawit Merah,103900.0
2025-03-19,Jawa Barat,1,Cabai Rawit Merah,104600.0
2025-03-20,Jawa Barat,1,Cabai Rawit Merah,103900.0
2025-03-21,Jawa Barat,1,Cabai Rawit Merah,103600.0
2025-03-24,Jawa Barat,1,Cabai Rawit Merah,103550.0
2025-03-25,Jawa Barat,1,Cabai Rawit Merah,104450.0
2025-03-26,Jawa Barat,1,Cabai Rawit Merah,108600.0
2025-03-27,Jawa Barat,1,Cabai Rawit Merah,108450.0
2025-03-28,Jawa Barat,1,Cabai Rawit Merah,108450.0
2025-03-31,Jawa Barat,1,Cabai Rawit Merah,108450.0
2025-04-01,Jawa Barat,1,Cabai Rawit Merah,108450.0
2025-04-02,Jawa Barat,1,Cabai Rawit Merah,108450.0
2025-04-03,Jawa Barat,1,Cabai Rawit Merah,108450.0
2025-04-04,Jawa Barat,1,Cabai Rawit Merah,108450.0
2025-04-07,Jawa Barat,1,Cabai Rawit Merah,108450.0
2025-04-08,Jawa Barat,1,Cabai Rawit Merah,100300.0
2025-04-09,Jawa Barat,1,Cabai Rawit Merah,100300.0
2025-04-10,Jawa Barat,1,Cabai Rawit Merah,99150.0
2025-04-11,Jawa Barat,1,Cabai Rawit Merah,98450.0
2025-04-14,Jawa Barat,1,Cabai Rawit Merah,97800.0
2025-04-15,Jawa Barat,1,Cabai Rawit Merah,95400.0
2025-04-16,Jawa Barat,1,Cabai Rawit Merah,95000.0
2025-04-17,Jawa Barat,1,Cabai Rawit Merah,93450.0
2025-04-18,Jawa Barat,1,Cabai Rawit Merah,93450.0
2025-04-21,Jawa Barat,1,Cabai Rawit Merah,79450.0
2025-04-22,Jawa Barat,1,Cabai Rawit Merah,74600.0
2025-04-23,Jawa Barat,1,Cabai Rawit Merah,72100.0
2025-04-24,Jawa Barat,1,Cabai Rawit Merah,70000.0
2025-04-25,Jawa Barat,1,Cabai Rawit Merah,65900.0
2025-04-28,Jawa Barat,1,Cabai Rawit Merah,56850.0
2025-04-29,Jawa Barat,1,Cabai Rawit Merah,53600.0
2025-04-30,Jawa Barat,1,Cabai Rawit Merah,52050.0
2025-05-01,Jawa Barat,1,Cabai Rawit Merah,52050.0
2025-05-02,Jawa Barat,1,Cabai Rawit Merah,49450.0
2025-05-05,Jawa Barat,1,Cabai Rawit Merah,47650.0
2025-05-06,Jawa Barat,1,Cabai Rawit Merah,47050.0
2025-05-07,Jawa Barat,1,Cabai Rawit Merah,46650.0
2025-05-08,Jawa Barat,1,Cabai Rawit Merah,44400.0
2025-05-09,Jawa Barat,1,Cabai Rawit Merah,43050.0
2025-05-12,Jawa Barat,1,Cabai Rawit Merah,42950.0
2025-05-13,Jawa Barat,1,Cabai Rawit Merah,43450.0
2025-05-14,Jawa Barat,1,Cabai Rawit Merah,42000.0
2025-05-15,Jawa Barat,1,Cabai Rawit Merah,41150.0
2025-05-16,Jawa Barat,1,Cabai Rawit Merah,40700.0
2025-05-19,Jawa Barat,1,Cabai Rawit Merah,40400.0
2025-05-20,Jawa Barat,1,Cabai Rawit Merah,39950.0
2025-05-21,Jawa Barat,1,Cabai Rawit Merah,39650.0
2025-05-22,Jawa Barat,1,Cabai Rawit Merah,39650.0
2025-05-23,Jawa Barat,1,Cabai Rawit Merah,39300.0
2025-05-26,Jawa Barat,1,Cabai Rawit Merah,38400.0
2025-05-27,Jawa Barat,1,Cabai Rawit Merah,39450.0
2025-05-28,Jawa Barat,1,Cabai Rawit Merah,40000.0
2025-05-29,Jawa Barat,1,Cabai Rawit Merah,40000.0
2025-05-30,Jawa Barat,1,Cabai Rawit Merah,40000.0
2025-06-02,Jawa Barat,1,Cabai Rawit Merah,45300.0
2025-06-03,Jawa Barat,1,Cabai Rawit Merah,47200.0
2025-06-04,Jawa Barat,1,Cabai Rawit Merah,49650.0
2025-06-05,Jawa Barat,1,Cabai Rawit Merah,53800.0
2025-06-06,Jawa Barat,1,Cabai Rawit Merah,53800.0
2025-06-09,Jawa Barat,1,Cabai Rawit Merah,53800.0
2025-06-10,Jawa Barat,1,Cabai Rawit Merah,52050.0
2025-06-11,Jawa Barat,1,Cabai Rawit Merah,50900.0
2025-06-12,Jawa Barat,1,Cabai Rawit Merah,49600.0
2025-06-13,Jawa Barat,1,Cabai Rawit Merah,49400.0
2025-06-16,Jawa Barat,1,Cabai Rawit Merah,53450.0
2025-06-17,Jawa Barat,1,Cabai Rawit Merah,54700.0
2025-06-18,Jawa Barat,1,Cabai Rawit Merah,55700.0
2025-06-19,Jawa Barat,1,Cabai Rawit Merah,58550.0
2025-06-20,Jawa Barat,1,Cabai Rawit Merah,69200.0
2025-06-23,Jawa Barat,1,Cabai Rawit Merah,70850.0
2025-06-24,Jawa Barat,1,Cabai Rawit Merah,69450.0
2025-06-25,Jawa Barat,1,Cabai Rawit Merah,64900.0
2025-06-26,Jawa Barat,1,Cabai Rawit Merah,62750.0
2025-06-27,Jawa Barat,1,Cabai Rawit Merah,62750.0
2025-06-30,Jawa Barat,1,Cabai Rawit Merah,69400.0
2025-07-01,Jawa Barat,1,Cabai Rawit Merah,70100.0
2025-07-02,Jawa Barat,1,Cabai Rawit Merah,70650.0
2025-07-03,Jawa Barat,1,Cabai Rawit Merah,70850.0
2025-07-04,Jawa Barat,1,Cabai Rawit Merah,73400.0
2025-07-07,Jawa Barat,1,Cabai Rawit Merah,74100.0
2025-07-08,Jawa Barat,1,Cabai Rawit Merah,72800.0
2025-07-09,Jawa Barat,1,Cabai Rawit Merah,71900.0
2025-07-10,Jawa Barat,1,Cabai Rawit Merah,71600.0
2025-07-11,Jawa Barat,1,Cabai Rawit Merah,71600.0
2025-07-14,Jawa Barat,1,Cabai Rawit Merah,73250.0
2025-07-15,Jawa Barat,1,Cabai Rawit Merah,73400.0
2025-07-16,Jawa Barat,1,Cabai Rawit Merah,72400.0
2025-07-17,Jawa Barat,1,Cabai Rawit Merah,70700.0
2025-07-18,Jawa Barat,1,Cabai Rawit Merah,68200.0
2025-07-21,Jawa Barat,1,Cabai Rawit Merah,61950.0
2025-07-22,Jawa Barat,1,Cabai Rawit Merah,57900.0
2025-07-23,Jawa Barat,1,Cabai Rawit Merah,56650.0
2025-07-24,Jawa Barat,1,Cabai Rawit Merah,55000.0
2025-07-25,Jawa Barat,1,Cabai Rawit Merah,54550.0
2025-07-28,Jawa Barat,1,Cabai Rawit Merah,50950.0
2025-07-29,Jawa Barat,1,Cabai Rawit Merah,50550.0
2025-07-30,Jawa Barat,1,Cabai Rawit Merah,50000.0
2025-07-31,Jawa Barat,1,Cabai Rawit Merah,50100.0
2025-08-01,Jawa Barat,1,Cabai Rawit Merah,48700.0
2025-08-04,Jawa Barat,1,Cabai Rawit Merah,46050.0
2025-08-05,Jawa Barat,1,Cabai Rawit Merah,46400.0
2025-08-06,Jawa Barat,1,Cabai Rawit Merah,46450.0
2025-08-07,Jawa Barat,1,Cabai Rawit Merah,45500.0
2025-08-08,Jawa Barat,1,Cabai Rawit Merah,45800.0
2025-08-11,Jawa Barat,1,Cabai Rawit Merah,43700.0
2025-08-12,Jawa Barat,1,Cabai Rawit Merah,42100.0
2025-08-13,Jawa Barat,1,Cabai Rawit Merah,41700.0
2025-08-14,Jawa Barat,1,Cabai Rawit Merah,41700.0
2025-08-15,Jawa Barat,1,Cabai Rawit Merah,41300.0
2025-08-18,Jawa Barat,1,Cabai Rawit Merah,41300.0
2025-08-19,Jawa Barat,1,Cabai Rawit Merah,43200.0
2025-08-20,Jawa Barat,1,Cabai Rawit Merah,43400.0
2025-08-21,Jawa Barat,1,Cabai Rawit Merah,43350.0
2025-08-22,Jawa Barat,1,Cabai Rawit Merah,42800.0
2025-08-25,Jawa Barat,1,Cabai Rawit Merah,41200.0
2025-08-26,Jawa Barat,1,Cabai Rawit Merah,40550.0
2025-08-27,Jawa Barat,1,Cabai Rawit Merah,40800.0
2025-08-28,Jawa Barat,1,Cabai Rawit Merah,41050.0
2025-08-29,Jawa Barat,1,Cabai Rawit Merah,41200.0
2025-09-01,Jawa Barat,1,Cabai Rawit Merah,40450.0
2025-09-02,Jawa Barat,1,Cabai Rawit Merah,40050.0
2025-09-03,Jawa Barat,1,Cabai Rawit Merah,40750.0
2025-09-04,Jawa Barat,1,Cabai Rawit Merah,41050.0
2025-09-05,Jawa Barat,1,Cabai Rawit Merah,41050.0
2025-09-08,Jawa Barat,1,Cabai Rawit Merah,42000.0
2025-09-09,Jawa Barat,1,Cabai Rawit Merah,42100.0
2025-09-10,Jawa Barat,1,Cabai Rawit Merah,42500.0
2025-09-11,Jawa Barat,1,Cabai Rawit Merah,43050.0
2025-09-12,Jawa Barat,1,Cabai Rawit Merah,42950.0
2025-09-15,Jawa Barat,1,Cabai Rawit Merah,44200.0
2025-09-16,Jawa Barat,1,Cabai Rawit Merah,44900.0
2025-09-17,Jawa Barat,1,Cabai Rawit Merah,45600.0
2025-09-18,Jawa Barat,1,Cabai Rawit Merah,46500.0
2025-09-19,Jawa Barat,1,Cabai Rawit Merah,46500.0
2025-09-22,Jawa Barat,1,Cabai Rawit Merah,47050.0
2025-09-23,Jawa Barat,1,Cabai Rawit Merah,47000.0
2025-09-24,Jawa Barat,1,Cabai Rawit Merah,46600.0
2025-09-25,Jawa Barat,1,Cabai Rawit Merah,46600.0
2025-09-26,Jawa Barat,1,Cabai Rawit Merah,46750.0
2025-09-29,Jawa Barat,1,Cabai Rawit Merah,43750.0
2025-09-30,Jawa Barat,1,Cabai Rawit Merah,43550.0
2025-10-01,Jawa Barat,1,Cabai Rawit Merah,43550.0
2025-10-02,Jawa Barat,1,Cabai Rawit Merah,42800.0
2025-10-03,Jawa Barat,1,Cabai Rawit Merah,42450.0
2025-10-06,Jawa Barat,1,Cabai Rawit Merah,44550.0
2025-10-07,Jawa Barat,1,Cabai Rawit Merah,45600.0
2025-10-08,Jawa Barat,1,Cabai Rawit Merah,45500.0
2025-10-09,Jawa Barat,1,Cabai Rawit Merah,45700.0
2025-10-10,Jawa Barat,1,Cabai Rawit Merah,45750.0
2025-10-13,Jawa Barat,1,Cabai Rawit Merah,45000.0
2025-10-14,Jawa Barat,1,Cabai Rawit Merah,44300.0
2025-10-15,Jawa Barat,1,Cabai Rawit Merah,44100.0
2025-10-16,Jawa Barat,1,Cabai Rawit Merah,43950.0
2025-10-17,Jawa Barat,1,Cabai Rawit Merah,43400.0
2025-10-20,Jawa Barat,1,Cabai Rawit Merah,42000.0
2025-10-21,Jawa Barat,1,Cabai Rawit Merah,41600.0
2025-10-22,Jawa Barat,1,Cabai Rawit Merah,40450.0
2025-10-23,Jawa Barat,1,Cabai Rawit Merah,40250.0
2025-10-24,Jawa Barat,1,Cabai Rawit Merah,39750.0
2025-10-27,Jawa Barat,1,Cabai Rawit Merah,38900.0
2025-10-28,Jawa Barat,1,Cabai Rawit Merah,38950.0
2025-10-29,Jawa Barat,1,Cabai Rawit Merah,38950.0
2025-10-30,Jawa Barat,1,Cabai Rawit Merah,39000.0
2025-10-31,Jawa Barat,1,Cabai Rawit Merah,39250.0
2025-11-03,Jawa Barat,1,Cabai Rawit Merah,39750.0
2025-11-04,Jawa Barat,1,Cabai Rawit Merah,39700.0
2025-11-05,Jawa Barat,1,Cabai Rawit Merah,39400.0
2025-11-06,Jawa Barat,1,Cabai Rawit Merah,39850.0
2025-11-07,Jawa Barat,1,Cabai Rawit Merah,38950.0
2025-11-10,Jawa Barat,1,Cabai Rawit Merah,39200.0
2025-11-11,Jawa Barat,1,Cabai Rawit Merah,39100.0
2025-11-12,Jawa Barat,1,Cabai Rawit Merah,39500.0
2025-11-13,Jawa Barat,1,Cabai Rawit Merah,39300.0
2025-11-14,Jawa Barat,1,Cabai Rawit Merah,39650.0
2025-11-17,Jawa Barat,1,Cabai Rawit Merah,40950.0
2025-11-18,Jawa Barat,1,Cabai Rawit Merah,43700.0
2025-11-19,Jawa Barat,1,Cabai Rawit Merah,48900.0
2025-11-20,Jawa Barat,1,Cabai Rawit Merah,50350.0
2025-11-21,Jawa Barat,1,Cabai Rawit Merah,52000.0
2025-11-24,Jawa Barat,1,Cabai Rawit Merah,53600.0
2025-11-25,Jawa Barat,1,Cabai Rawit Merah,54400.0
2025-11-26,Jawa Barat,1,Cabai Rawit Merah,54750.0
2025-11-27,Jawa Barat,1,Cabai Rawit Merah,55000.0
2025-11-28,Jawa Barat,1,Cabai Rawit Merah,56250.0
2025-12-01,Jawa Barat,1,Cabai Rawit Merah,68600.0
2025-12-02,Jawa Barat,1,Cabai Rawit Merah,72050.0
2025-12-03,Jawa Barat,1,Cabai Rawit Merah,74450.0
2025-12-04,Jawa Barat,1,Cabai Rawit Merah,75950.0
2025-12-05,Jawa Barat,1,Cabai Rawit Merah,79700.0
2025-12-08,Jawa Barat,1,Cabai Rawit Merah,87600.0
2025-12-09,Jawa Barat,1,Cabai Rawit Merah,90500.0
2025-12-10,Jawa Barat,1,Cabai Rawit Merah,92600.0
2025-12-11,Jawa Barat,1,Cabai Rawit Merah,93550.0
2025-12-12,Jawa Barat,1,Cabai Rawit Merah,92450.0
2025-12-15,Jawa Barat,1,Cabai Rawit Merah,109200.0
2025-12-16,Jawa Barat,1,Cabai Rawit Merah,88050.0
2025-12-17,Jawa Barat,1,Cabai Rawit Merah,85700.0
2025-12-18,Jawa Barat,1,Cabai Rawit Merah,80800.0
2025-12-19,Jawa Barat,1,Cabai Rawit Merah,75300.0
2025-12-22,Jawa Barat,1,Cabai Rawit Merah,74850.0
2025-12-23,Jawa Barat,1,Cabai Rawit Merah,76300.0
2025-12-24,Jawa Barat,1,Cabai Rawit Merah,77050.0
2025-12-25,Jawa Barat,1,Cabai Rawit Merah,77050.0
2025-12-26,Jawa Barat,1,Cabai Rawit Merah,77050.0
2025-12-29,Jawa Barat,1,Cabai Rawit Merah,74700.0
2025-12-30,Jawa Barat,1,Cabai Rawit Merah,74300.0
2025-12-31,Jawa Barat,1,Cabai Rawit Merah,73050.0
2026-01-01,Jawa Barat,1,Cabai Rawit Merah,73200.0
2026-01-02,Jawa Barat,1,Cabai Rawit Merah,71250.0
2026-01-05,Jawa Barat,1,Cabai Rawit Merah,64450.0
2026-01-06,Jawa Barat,1,Cabai Rawit Merah,62650.0
2026-01-07,Jawa Barat,1,Cabai Rawit Merah,58750.0
2026-01-08,Jawa Barat,1,Cabai Rawit Merah,58100.0
2026-01-09,Jawa Barat,1,Cabai Rawit Merah,55650.0
2026-01-12,Jawa Barat,1,Cabai Rawit Merah,54500.0
2026-01-13,Jawa Barat,1,Cabai Rawit Merah,51950.0
2026-01-14,Jawa Barat,1,Cabai Rawit Merah,51000.0
2026-01-15,Jawa Barat,1,Cabai Rawit Merah,47400.0
2026-01-16,Jawa Barat,1,Cabai Rawit Merah,47400.0
2026-01-19,Jawa Barat,1,Cabai Rawit Merah,50150.0
2026-01-20,Jawa Barat,1,Cabai Rawit Merah,48850.0
2026-01-21,Jawa Barat,1,Cabai Rawit Merah,48500.0
2026-01-22,Jawa Barat,1,Cabai Rawit Merah,48500.0
2026-01-23,Jawa Barat,1,Cabai Rawit Merah,50350.0
2026-01-26,Jawa Barat,1,Cabai Rawit Merah,55500.0
2026-01-27,Jawa Barat,1,Cabai Rawit Merah,56900.0
2026-01-28,Jawa Barat,1,Cabai Rawit Merah,57550.0
2026-01-29,Jawa Barat,1,Cabai Rawit Merah,60550.0
2026-01-30,Jawa Barat,1,Cabai Rawit Merah,64400.0
2026-02-02,Jawa Barat,1,Cabai Rawit Merah,71100.0
2026-02-03,Jawa Barat,1,Cabai Rawit Merah,72700.0
2026-02-04,Jawa Barat,1,Cabai Rawit Merah,74900.0
2026-02-05,Jawa Barat,1,Cabai Rawit Merah,80550.0
2026-02-06,Jawa Barat,1,Cabai Rawit Merah,84150.0
2026-02-09,Jawa Barat,1,Cabai Rawit Merah,87200.0
2026-02-10,Jawa Barat,1,Cabai Rawit Merah,87450.0
2026-02-11,Jawa Barat,1,Cabai Rawit Merah,88750.0
2026-02-12,Jawa Barat,1,Cabai Rawit Merah,91600.0
2026-02-13,Jawa Barat,1,Cabai Rawit Merah,93600.0
2026-02-16,Jawa Barat,1,Cabai Rawit Merah,93600.0
2026-02-17,Jawa Barat,1,Cabai Rawit Merah,93600.0
2026-02-18,Jawa Barat,1,Cabai Rawit Merah,100350.0
2026-02-19,Jawa Barat,1,Cabai Rawit Merah,103550.0
2026-02-20,Jawa Barat,1,Cabai Rawit Merah,108250.0
2026-02-23,Jawa Barat,1,Cabai Rawit Merah,108550.0
2026-02-24,Jawa Barat,1,Cabai Rawit Merah,101600.0
2026-02-25,Jawa Barat,1,Cabai Rawit Merah,94400.0
2026-02-26,Jawa Barat,1,Cabai Rawit Merah,88700.0
2026-02-27,Jawa Barat,1,Cabai Rawit Merah,90550.0
2026-03-02,Jawa Barat,1,Cabai Rawit Merah,93150.0
2026-03-03,Jawa Barat,1,Cabai Rawit Merah,96350.0
2026-03-04,Jawa Barat,1,Cabai Rawit Merah,102750.0
2026-03-05,Jawa Barat,1,Cabai Rawit Merah,103000.0
2026-03-06,Jawa Barat,1,Cabai Rawit Merah,105250.0
2026-03-09,Jawa Barat,1,Cabai Rawit Merah,101350.0
2026-03-10,Jawa Barat,1,Cabai Rawit Merah,100850.0
2026-03-11,Jawa Barat,1,Cabai Rawit Merah,101000.0
2026-03-12,Jawa Barat,1,Cabai Rawit Merah,103650.0
2026-03-13,Jawa Barat,1,Cabai Rawit Merah,103850.0
2026-03-16,Jawa Barat,1,Cabai Rawit Merah,105200.0
2026-03-17,Jawa Barat,1,Cabai Rawit Merah,108000.0
2026-03-18,Jawa Barat,1,Cabai Rawit Merah,108000.0
2026-03-19,Jawa Barat,1,Cabai Rawit Merah,108000.0
2026-03-20,Jawa Barat,1,Cabai Rawit Merah,108000.0
2026-03-23,Jawa Barat,1,Cabai Rawit Merah,108000.0
2026-03-24,Jawa Barat,1,Cabai Rawit Merah,108000.0
2026-03-25,Jawa Barat,1,Cabai Rawit Merah,93300.0
2026-03-26,Jawa Barat,1,Cabai Rawit Merah,83700.0
2026-03-27,Jawa Barat,1,Cabai Rawit Merah,75550.0
2026-03-30,Jawa Barat,1,Cabai Rawit Merah,81350.0
2026-03-31,Jawa Barat,1,Cabai Rawit Merah,85700.0
2026-04-01,Jawa Barat,1,Cabai Rawit Merah,85250.0
2026-04-02,Jawa Barat,1,Cabai Rawit Merah,84850.0
2026-04-03,Jawa Barat,1,Cabai Rawit Merah,84850.0
2026-04-06,Jawa Barat,1,Cabai Rawit Merah,85250.0
2026-04-07,Jawa Barat,1,Cabai Rawit Merah,85000.0
2026-04-08,Jawa Barat,1,Cabai Rawit Merah,82500.0
2026-04-09,Jawa Barat,1,Cabai Rawit Merah,82200.0
2026-04-10,Jawa Barat,1,Cabai Rawit Merah,81200.0
2026-04-13,Jawa Barat,1,Cabai Rawit Merah,77100.0
2026-04-14,Jawa Barat,1,Cabai Rawit Merah,76400.0
2026-04-15,Jawa Barat,1,Cabai Rawit Merah,75400.0
2026-04-16,Jawa Barat,1,Cabai Rawit Merah,74850.0
2026-04-17,Jawa Barat,1,Cabai Rawit Merah,73500.0
2026-04-20,Jawa Barat,1,Cabai Rawit Merah,71250.0
2026-04-21,Jawa Barat,1,Cabai Rawit Merah,70550.0
2026-04-22,Jawa Barat,1,Cabai Rawit Merah,70300.0
2026-04-23,Jawa Barat,1,Cabai Rawit Merah,69200.0
2026-04-24,Jawa Barat,1,Cabai Rawit Merah,67950.0
2026-04-27,Jawa Barat,1,Cabai Rawit Merah,61650.0
2026-04-28,Jawa Barat,1,Cabai Rawit Merah,62300.0
2026-04-29,Jawa Barat,1,Cabai Rawit Merah,61900.0
2026-04-30,Jawa Barat,1,Cabai Rawit Merah,61600.0
2026-05-01,Jawa Barat,1,Cabai Rawit Merah,61600.0
2026-05-04,Jawa Barat,1,Cabai Rawit Merah,67650.0
2026-05-05,Jawa Barat,1,Cabai Rawit Merah,74200.0
2026-05-06,Jawa Barat,1,Cabai Rawit Merah,77500.0
2026-05-07,Jawa Barat,1,Cabai Rawit Merah,78300.0
2026-05-08,Jawa Barat,1,Cabai Rawit Merah,81950.0
2026-05-11,Jawa Barat,1,Cabai Rawit Merah,84550.0
2026-05-12,Jawa Barat,1,Cabai Rawit Merah,83700.0
2026-05-13,Jawa Barat,1,Cabai Rawit Merah,84000.0
2026-05-14,Jawa Barat,1,Cabai Rawit Merah,83750.0
2026-05-15,Jawa Barat,1,Cabai Rawit Merah,82300.0
2026-05-18,Jawa Barat,1,Cabai Rawit Merah,84550.0
2026-05-19,Jawa Barat,1,Cabai Rawit Merah,83800.0
2026-05-20,Jawa Barat,1,Cabai Rawit Merah,83950.0
2026-05-21,Jawa Barat,1,Cabai Rawit Merah,82850.0
2026-05-22,Jawa Barat,1,Cabai Rawit Merah,82700.0
2026-05-25,Jawa Barat,1,Cabai Rawit Merah,87800.0
2026-05-26,Jawa Barat,1,Cabai Rawit Merah,89750.0
2026-05-27,Jawa Barat,1,Cabai Rawit Merah,89750.0
2026-05-28,Jawa Barat,1,Cabai Rawit Merah,89750.0
2026-05-29,Jawa Barat,1,Cabai Rawit Merah,97300.0
2026-06-01,Jawa Barat,1,Cabai Rawit Merah,97300.0
2026-06-02,Jawa Barat,1,Cabai Rawit Merah,80800.0
2026-06-03,Jawa Barat,1,Cabai Rawit Merah,79400.0
2026-06-04,Jawa Barat,1,Cabai Rawit Merah,77600.0
2026-06-05,Jawa Barat,1,Cabai Rawit Merah,77900.0
2026-06-08,Jawa Barat,1,Cabai Rawit Merah,76250.0
2026-06-09,Jawa Barat,1,Cabai Rawit Merah,75400.0
2026-06-10,Jawa Barat,1,Cabai Rawit Merah,75700.0
2026-06-11,Jawa Barat,1,Cabai Rawit Merah,75150.0
2026-06-12,Jawa Barat,1,Cabai Rawit Merah,74750.0
2026-06-15,Jawa Barat,1,Cabai Rawit Merah,73000.0
2026-06-16,Jawa Barat,1,Cabai Rawit Merah,70000.0
2026-06-17,Jawa Barat,1,Cabai Rawit Merah,71850.0
2026-06-18,Jawa Barat,1,Cabai Rawit Merah,69200.0
2026-06-19,Jawa Barat,1,Cabai Rawit Merah,68100.0
2026-06-22,Jawa Barat,1,Cabai Rawit Merah,64500.0
2026-06-23,Jawa Barat,1,Cabai Rawit Merah,62400.0
2026-06-24,Jawa Barat,1,Cabai Rawit Merah,61000.0
2026-06-25,Jawa Barat,1,Cabai Rawit Merah,59200.0
2026-06-26,Jawa Barat,1,Cabai Rawit Merah,59550.0
2026-06-29,Jawa Barat,1,Cabai Rawit Merah,54350.0
2026-06-30,Jawa Barat,1,Cabai Rawit Merah,52800.0
2026-07-01,Jawa Barat,1,Cabai Rawit Merah,52400.0
2026-07-02,Jawa Barat,1,Cabai Rawit Merah,51100.0
2026-07-03,Jawa Barat,1,Cabai Rawit Merah,51900.0
2026-07-06,Jawa Barat,1,Cabai Rawit Merah,55500.0
2026-07-07,Jawa Barat,1,Cabai Rawit Merah,55650.0
2026-07-08,Jawa Barat,1,Cabai Rawit Merah,56150.0
2026-07-09,Jawa Barat,1,Cabai Rawit Merah,53850.0
2026-07-10,Jawa Barat,1,Cabai Rawit Merah,54250.0
2026-07-13,Jawa Barat,1,Cabai Rawit Merah,54550.0
2026-07-14,Jawa Barat,1,Cabai Rawit Merah,54900.0
2026-07-15,Jawa Barat,1,Cabai Rawit Merah,55800.0
2026-07-16,Jawa Barat,1,Cabai Rawit Merah,56150.0
2025-01-01,Semua Provinsi,0,Cabai Rawit Merah,69150.0
2025-01-02,Semua Provinsi,0,Cabai Rawit Merah,74300.0
2025-01-03,Semua Provinsi,0,Cabai Rawit Merah,75950.0
2025-01-06,Semua Provinsi,0,Cabai Rawit Merah,83750.0
2025-01-07,Semua Provinsi,0,Cabai Rawit Merah,84850.0
2025-01-08,Semua Provinsi,0,Cabai Rawit Merah,84950.0
2025-01-09,Semua Provinsi,0,Cabai Rawit Merah,84500.0
2025-01-10,Semua Provinsi,0,Cabai Rawit Merah,84450.0
2025-01-13,Semua Provinsi,0,Cabai Rawit Merah,85800.0
2025-01-14,Semua Provinsi,0,Cabai Rawit Merah,84850.0
2025-01-15,Semua Provinsi,0,Cabai Rawit Merah,85350.0
2025-01-16,Semua Provinsi,0,Cabai Rawit Merah,84300.0
2025-01-17,Semua Provinsi,0,Cabai Rawit Merah,81450.0
2025-01-20,Semua Provinsi,0,Cabai Rawit Merah,75700.0
2025-01-21,Semua Provinsi,0,Cabai Rawit Merah,74200.0
2025-01-22,Semua Provinsi,0,Cabai Rawit Merah,72850.0
2025-01-23,Semua Provinsi,0,Cabai Rawit Merah,72000.0
2025-01-24,Semua Provinsi,0,Cabai Rawit Merah,71300.0
2025-01-27,Semua Provinsi,0,Cabai Rawit Merah,70850.0
2025-01-28,Semua Provinsi,0,Cabai Rawit Merah,70600.0
2025-01-29,Semua Provinsi,0,Cabai Rawit Merah,70600.0
2025-01-30,Semua Provinsi,0,Cabai Rawit Merah,68550.0
2025-01-31,Semua Provinsi,0,Cabai Rawit Merah,68950.0
2025-02-03,Semua Provinsi,0,Cabai Rawit Merah,67800.0
2025-02-04,Semua Provinsi,0,Cabai Rawit Merah,67800.0
2025-02-05,Semua Provinsi,0,Cabai Rawit Merah,68000.0
2025-02-06,Semua Provinsi,0,Cabai Rawit Merah,68450.0
2025-02-07,Semua Provinsi,0,Cabai Rawit Merah,68400.0
2025-02-10,Semua Provinsi,0,Cabai Rawit Merah,68750.0
2025-02-11,Semua Provinsi,0,Cabai Rawit Merah,68700.0
2025-02-12,Semua Provinsi,0,Cabai Rawit Merah,68800.0
2025-02-13,Semua Provinsi,0,Cabai Rawit Merah,68650.0
2025-02-14,Semua Provinsi,0,Cabai Rawit Merah,68600.0
2025-02-17,Semua Provinsi,0,Cabai Rawit Merah,69300.0
2025-02-18,Semua Provinsi,0,Cabai Rawit Merah,70200.0
2025-02-19,Semua Provinsi,0,Cabai Rawit Merah,71050.0
2025-02-20,Semua Provinsi,0,Cabai Rawit Merah,72200.0
2025-02-21,Semua Provinsi,0,Cabai Rawit Merah,74450.0
2025-02-24,Semua Provinsi,0,Cabai Rawit Merah,80650.0
2025-02-25,Semua Provinsi,0,Cabai Rawit Merah,84100.0
2025-02-26,Semua Provinsi,0,Cabai Rawit Merah,87000.0
2025-02-27,Semua Provinsi,0,Cabai Rawit Merah,88900.0
2025-02-28,Semua Provinsi,0,Cabai Rawit Merah,87950.0
2025-03-03,Semua Provinsi,0,Cabai Rawit Merah,103600.0
2025-03-04,Semua Provinsi,0,Cabai Rawit Merah,104100.0
2025-03-05,Semua Provinsi,0,Cabai Rawit Merah,100500.0
2025-03-06,Semua Provinsi,0,Cabai Rawit Merah,96950.0
2025-03-07,Semua Provinsi,0,Cabai Rawit Merah,93000.0
2025-03-10,Semua Provinsi,0,Cabai Rawit Merah,88800.0
2025-03-11,Semua Provinsi,0,Cabai Rawit Merah,87700.0
2025-03-12,Semua Provinsi,0,Cabai Rawit Merah,87450.0
2025-03-13,Semua Provinsi,0,Cabai Rawit Merah,87350.0
2025-03-14,Semua Provinsi,0,Cabai Rawit Merah,87650.0
2025-03-17,Semua Provinsi,0,Cabai Rawit Merah,87650.0
2025-03-18,Semua Provinsi,0,Cabai Rawit Merah,88600.0
2025-03-19,Semua Provinsi,0,Cabai Rawit Merah,89200.0
2025-03-20,Semua Provinsi,0,Cabai Rawit Merah,88750.0
2025-03-21,Semua Provinsi,0,Cabai Rawit Merah,88450.0
2025-03-24,Semua Provinsi,0,Cabai Rawit Merah,92050.0
2025-03-25,Semua Provinsi,0,Cabai Rawit Merah,93450.0
2025-03-26,Semua Provinsi,0,Cabai Rawit Merah,95400.0
2025-03-27,Semua Provinsi,0,Cabai Rawit Merah,96550.0
2025-03-28,Semua Provinsi,0,Cabai Rawit Merah,95000.0
2025-03-31,Semua Provinsi,0,Cabai Rawit Merah,95200.0
2025-04-01,Semua Provinsi,0,Cabai Rawit Merah,97450.0
2025-04-02,Semua Provinsi,0,Cabai Rawit Merah,97250.0
2025-04-03,Semua Provinsi,0,Cabai Rawit Merah,97500.0
2025-04-04,Semua Provinsi,0,Cabai Rawit Merah,97400.0
2025-04-07,Semua Provinsi,0,Cabai Rawit Merah,97150.0
2025-04-08,Semua Provinsi,0,Cabai Rawit Merah,85850.0
2025-04-09,Semua Provinsi,0,Cabai Rawit Merah,85050.0
2025-04-10,Semua Provinsi,0,Cabai Rawit Merah,85750.0
2025-04-11,Semua Provinsi,0,Cabai Rawit Merah,85550.0
2025-04-14,Semua Provinsi,0,Cabai Rawit Merah,86500.0
2025-04-15,Semua Provinsi,0,Cabai Rawit Merah,87450.0
2025-04-16,Semua Provinsi,0,Cabai Rawit Merah,88300.0
2025-04-17,Semua Provinsi,0,Cabai Rawit Merah,88600.0
2025-04-18,Semua Provinsi,0,Cabai Rawit Merah,88550.0
2025-04-21,Semua Provinsi,0,Cabai Rawit Merah,83650.0
2025-04-22,Semua Provinsi,0,Cabai Rawit Merah,82850.0
2025-04-23,Semua Provinsi,0,Cabai Rawit Merah,81650.0
2025-04-24,Semua Provinsi,0,Cabai Rawit Merah,80100.0
2025-04-25,Semua Provinsi,0,Cabai Rawit Merah,76450.0
2025-04-28,Semua Provinsi,0,Cabai Rawit Merah,71950.0
2025-04-29,Semua Provinsi,0,Cabai Rawit Merah,70450.0
2025-04-30,Semua Provinsi,0,Cabai Rawit Merah,69100.0
2025-05-01,Semua Provinsi,0,Cabai Rawit Merah,69050.0
2025-05-02,Semua Provinsi,0,Cabai Rawit Merah,66550.0
2025-05-05,Semua Provinsi,0,Cabai Rawit Merah,64900.0
2025-05-06,Semua Provinsi,0,Cabai Rawit Merah,63900.0
2025-05-07,Semua Provinsi,0,Cabai Rawit Merah,63000.0
2025-05-08,Semua Provinsi,0,Cabai Rawit Merah,62200.0
2025-05-09,Semua Provinsi,0,Cabai Rawit Merah,61600.0
2025-05-12,Semua Provinsi,0,Cabai Rawit Merah,61550.0
2025-05-13,Semua Provinsi,0,Cabai Rawit Merah,61100.0
2025-05-14,Semua Provinsi,0,Cabai Rawit Merah,59450.0
2025-05-15,Semua Provinsi,0,Cabai Rawit Merah,58500.0
2025-05-16,Semua Provinsi,0,Cabai Rawit Merah,57600.0
2025-05-19,Semua Provinsi,0,Cabai Rawit Merah,55550.0
2025-05-20,Semua Provinsi,0,Cabai Rawit Merah,54500.0
2025-05-21,Semua Provinsi,0,Cabai Rawit Merah,54150.0
2025-05-22,Semua Provinsi,0,Cabai Rawit Merah,53900.0
2025-05-23,Semua Provinsi,0,Cabai Rawit Merah,53000.0
2025-05-26,Semua Provinsi,0,Cabai Rawit Merah,52000.0
2025-05-27,Semua Provinsi,0,Cabai Rawit Merah,51900.0
2025-05-28,Semua Provinsi,0,Cabai Rawit Merah,51550.0
2025-05-29,Semua Provinsi,0,Cabai Rawit Merah,51550.0
2025-05-30,Semua Provinsi,0,Cabai Rawit Merah,51450.0
2025-06-02,Semua Provinsi,0,Cabai Rawit Merah,55400.0
2025-06-03,Semua Provinsi,0,Cabai Rawit Merah,56400.0
2025-06-04,Semua Provinsi,0,Cabai Rawit Merah,57050.0
2025-06-05,Semua Provinsi,0,Cabai Rawit Merah,57850.0
2025-06-06,Semua Provinsi,0,Cabai Rawit Merah,57850.0
2025-06-09,Semua Provinsi,0,Cabai Rawit Merah,57600.0
2025-06-10,Semua Provinsi,0,Cabai Rawit Merah,60400.0
2025-06-11,Semua Provinsi,0,Cabai Rawit Merah,59200.0
2025-06-12,Semua Provinsi,0,Cabai Rawit Merah,57050.0
2025-06-13,Semua Provinsi,0,Cabai Rawit Merah,56600.0
2025-06-16,Semua Provinsi,0,Cabai Rawit Merah,58300.0
2025-06-17,Semua Provinsi,0,Cabai Rawit Merah,58550.0
2025-06-18,Semua Provinsi,0,Cabai Rawit Merah,59000.0
2025-06-19,Semua Provinsi,0,Cabai Rawit Merah,60450.0
2025-06-20,Semua Provinsi,0,Cabai Rawit Merah,63850.0
2025-06-23,Semua Provinsi,0,Cabai Rawit Merah,66200.0
2025-06-24,Semua Provinsi,0,Cabai Rawit Merah,66600.0
2025-06-25,Semua Provinsi,0,Cabai Rawit Merah,65750.0
2025-06-26,Semua Provinsi,0,Cabai Rawit Merah,65550.0
2025-06-27,Semua Provinsi,0,Cabai Rawit Merah,65600.0
2025-06-30,Semua Provinsi,0,Cabai Rawit Merah,68200.0
2025-07-01,Semua Provinsi,0,Cabai Rawit Merah,68350.0
2025-07-02,Semua Provinsi,0,Cabai Rawit Merah,69600.0
2025-07-03,Semua Provinsi,0,Cabai Rawit Merah,70650.0
2025-07-04,Semua Provinsi,0,Cabai Rawit Merah,71800.0
2025-07-07,Semua Provinsi,0,Cabai Rawit Merah,73450.0
2025-07-08,Semua Provinsi,0,Cabai Rawit Merah,73900.0
2025-07-09,Semua Provinsi,0,Cabai Rawit Merah,74750.0
2025-07-10,Semua Provinsi,0,Cabai Rawit Merah,74450.0
2025-07-11,Semua Provinsi,0,Cabai Rawit Merah,74600.0
2025-07-14,Semua Provinsi,0,Cabai Rawit Merah,77200.0
2025-07-15,Semua Provinsi,0,Cabai Rawit Merah,77800.0
2025-07-16,Semua Provinsi,0,Cabai Rawit Merah,77150.0
2025-07-17,Semua Provinsi,0,Cabai Rawit Merah,76800.0
2025-07-18,Semua Provinsi,0,Cabai Rawit Merah,74450.0
2025-07-21,Semua Provinsi,0,Cabai Rawit Merah,70850.0
2025-07-22,Semua Provinsi,0,Cabai Rawit Merah,69600.0
2025-07-23,Semua Provinsi,0,Cabai Rawit Merah,68650.0
2025-07-24,Semua Provinsi,0,Cabai Rawit Merah,67050.0
2025-07-25,Semua Provinsi,0,Cabai Rawit Merah,65700.0
2025-07-28,Semua Provinsi,0,Cabai Rawit Merah,63100.0
2025-07-29,Semua Provinsi,0,Cabai Rawit Merah,62250.0
2025-07-30,Semua Provinsi,0,Cabai Rawit Merah,61700.0
2025-07-31,Semua Provinsi,0,Cabai Rawit Merah,60950.0
2025-08-01,Semua Provinsi,0,Cabai Rawit Merah,60000.0
2025-08-04,Semua Provinsi,0,Cabai Rawit Merah,59450.0
2025-08-05,Semua Provinsi,0,Cabai Rawit Merah,59250.0
2025-08-06,Semua Provinsi,0,Cabai Rawit Merah,58700.0
2025-08-07,Semua Provinsi,0,Cabai Rawit Merah,58150.0
2025-08-08,Semua Provinsi,0,Cabai Rawit Merah,58250.0
2025-08-11,Semua Provinsi,0,Cabai Rawit Merah,56650.0
2025-08-12,Semua Provinsi,0,Cabai Rawit Merah,55500.0
2025-08-13,Semua Provinsi,0,Cabai Rawit Merah,54100.0
2025-08-14,Semua Provinsi,0,Cabai Rawit Merah,53500.0
2025-08-15,Semua Provinsi,0,Cabai Rawit Merah,53000.0
2025-08-18,Semua Provinsi,0,Cabai Rawit Merah,53100.0
2025-08-19,Semua Provinsi,0,Cabai Rawit Merah,52850.0
2025-08-20,Semua Provinsi,0,Cabai Rawit Merah,52600.0
2025-08-21,Semua Provinsi,0,Cabai Rawit Merah,52650.0
2025-08-22,Semua Provinsi,0,Cabai Rawit Merah,52400.0
2025-08-25,Semua Provinsi,0,Cabai Rawit Merah,51350.0
2025-08-26,Semua Provinsi,0,Cabai Rawit Merah,50800.0
2025-08-27,Semua Provinsi,0,Cabai Rawit Merah,50350.0
2025-08-28,Semua Provinsi,0,Cabai Rawit Merah,49350.0
2025-08-29,Semua Provinsi,0,Cabai Rawit Merah,48850.0
2025-09-01,Semua Provinsi,0,Cabai Rawit Merah,48500.0
2025-09-02,Semua Provinsi,0,Cabai Rawit Merah,48250.0
2025-09-03,Semua Provinsi,0,Cabai Rawit Merah,48600.0
2025-09-04,Semua Provinsi,0,Cabai Rawit Merah,48650.0
2025-09-05,Semua Provinsi,0,Cabai Rawit Merah,48650.0
2025-09-08,Semua Provinsi,0,Cabai Rawit Merah,49750.0
2025-09-09,Semua Provinsi,0,Cabai Rawit Merah,50550.0
2025-09-10,Semua Provinsi,0,Cabai Rawit Merah,50700.0
2025-09-11,Semua Provinsi,0,Cabai Rawit Merah,50400.0
2025-09-12,Semua Provinsi,0,Cabai Rawit Merah,50200.0
2025-09-15,Semua Provinsi,0,Cabai Rawit Merah,51350.0
2025-09-16,Semua Provinsi,0,Cabai Rawit Merah,51500.0
2025-09-17,Semua Provinsi,0,Cabai Rawit Merah,51500.0
2025-09-18,Semua Provinsi,0,Cabai Rawit Merah,51150.0
2025-09-19,Semua Provinsi,0,Cabai Rawit Merah,51200.0
2025-09-22,Semua Provinsi,0,Cabai Rawit Merah,51300.0
2025-09-23,Semua Provinsi,0,Cabai Rawit Merah,51150.0
2025-09-24,Semua Provinsi,0,Cabai Rawit Merah,50800.0
2025-09-25,Semua Provinsi,0,Cabai Rawit Merah,50300.0
2025-09-26,Semua Provinsi,0,Cabai Rawit Merah,50200.0
2025-09-29,Semua Provinsi,0,Cabai Rawit Merah,50200.0
2025-09-30,Semua Provinsi,0,Cabai Rawit Merah,49600.0
2025-10-01,Semua Provinsi,0,Cabai Rawit Merah,49600.0
2025-10-02,Semua Provinsi,0,Cabai Rawit Merah,49050.0
2025-10-03,Semua Provinsi,0,Cabai Rawit Merah,48800.0
2025-10-06,Semua Provinsi,0,Cabai Rawit Merah,49700.0
2025-10-07,Semua Provinsi,0,Cabai Rawit Merah,49800.0
2025-10-08,Semua Provinsi,0,Cabai Rawit Merah,49550.0
2025-10-09,Semua Provinsi,0,Cabai Rawit Merah,49600.0
2025-10-10,Semua Provinsi,0,Cabai Rawit Merah,49400.0
2025-10-13,Semua Provinsi,0,Cabai Rawit Merah,48150.0
2025-10-14,Semua Provinsi,0,Cabai Rawit Merah,47500.0
2025-10-15,Semua Provinsi,0,Cabai Rawit Merah,46750.0
2025-10-16,Semua Provinsi,0,Cabai Rawit Merah,45950.0
2025-10-17,Semua Provinsi,0,Cabai Rawit Merah,45750.0
2025-10-20,Semua Provinsi,0,Cabai Rawit Merah,44150.0
2025-10-21,Semua Provinsi,0,Cabai Rawit Merah,43450.0
2025-10-22,Semua Provinsi,0,Cabai Rawit Merah,42450.0
2025-10-23,Semua Provinsi,0,Cabai Rawit Merah,42000.0
2025-10-24,Semua Provinsi,0,Cabai Rawit Merah,41800.0
2025-10-27,Semua Provinsi,0,Cabai Rawit Merah,40750.0
2025-10-28,Semua Provinsi,0,Cabai Rawit Merah,40300.0
2025-10-29,Semua Provinsi,0,Cabai Rawit Merah,40150.0
2025-10-30,Semua Provinsi,0,Cabai Rawit Merah,40600.0
2025-10-31,Semua Provinsi,0,Cabai Rawit Merah,40600.0
2025-11-03,Semua Provinsi,0,Cabai Rawit Merah,40350.0
2025-11-04,Semua Provinsi,0,Cabai Rawit Merah,40750.0
2025-11-05,Semua Provinsi,0,Cabai Rawit Merah,41250.0
2025-11-06,Semua Provinsi,0,Cabai Rawit Merah,41800.0
2025-11-07,Semua Provinsi,0,Cabai Rawit Merah,41650.0
2025-11-10,Semua Provinsi,0,Cabai Rawit Merah,41950.0
2025-11-11,Semua Provinsi,0,Cabai Rawit Merah,41900.0
2025-11-12,Semua Provinsi,0,Cabai Rawit Merah,41950.0
2025-11-13,Semua Provinsi,0,Cabai Rawit Merah,42400.0
2025-11-14,Semua Provinsi,0,Cabai Rawit Merah,42700.0
2025-11-17,Semua Provinsi,0,Cabai Rawit Merah,45500.0
2025-11-18,Semua Provinsi,0,Cabai Rawit Merah,47300.0
2025-11-19,Semua Provinsi,0,Cabai Rawit Merah,49200.0
2025-11-20,Semua Provinsi,0,Cabai Rawit Merah,49300.0
2025-11-21,Semua Provinsi,0,Cabai Rawit Merah,49600.0
2025-11-24,Semua Provinsi,0,Cabai Rawit Merah,50600.0
2025-11-25,Semua Provinsi,0,Cabai Rawit Merah,51150.0
2025-11-26,Semua Provinsi,0,Cabai Rawit Merah,51950.0
2025-11-27,Semua Provinsi,0,Cabai Rawit Merah,52400.0
2025-11-28,Semua Provinsi,0,Cabai Rawit Merah,55250.0
2025-12-01,Semua Provinsi,0,Cabai Rawit Merah,65250.0
2025-12-02,Semua Provinsi,0,Cabai Rawit Merah,67550.0
2025-12-03,Semua Provinsi,0,Cabai Rawit Merah,69900.0
2025-12-04,Semua Provinsi,0,Cabai Rawit Merah,71450.0
2025-12-05,Semua Provinsi,0,Cabai Rawit Merah,72700.0
2025-12-08,Semua Provinsi,0,Cabai Rawit Merah,79350.0
2025-12-09,Semua Provinsi,0,Cabai Rawit Merah,80750.0
2025-12-10,Semua Provinsi,0,Cabai Rawit Merah,80800.0
2025-12-11,Semua Provinsi,0,Cabai Rawit Merah,80700.0
2025-12-12,Semua Provinsi,0,Cabai Rawit Merah,80550.0
2025-12-15,Semua Provinsi,0,Cabai Rawit Merah,80800.0
2025-12-16,Semua Provinsi,0,Cabai Rawit Merah,79250.0
2025-12-17,Semua Provinsi,0,Cabai Rawit Merah,77400.0
2025-12-18,Semua Provinsi,0,Cabai Rawit Merah,74800.0
2025-12-19,Semua Provinsi,0,Cabai Rawit Merah,72750.0
2025-12-22,Semua Provinsi,0,Cabai Rawit Merah,73850.0
2025-12-23,Semua Provinsi,0,Cabai Rawit Merah,73100.0
2025-12-24,Semua Provinsi,0,Cabai Rawit Merah,73050.0
2025-12-25,Semua Provinsi,0,Cabai Rawit Merah,72850.0
2025-12-26,Semua Provinsi,0,Cabai Rawit Merah,72650.0
2025-12-29,Semua Provinsi,0,Cabai Rawit Merah,69750.0
2025-12-30,Semua Provinsi,0,Cabai Rawit Merah,67200.0
2025-12-31,Semua Provinsi,0,Cabai Rawit Merah,66500.0
2026-01-01,Semua Provinsi,0,Cabai Rawit Merah,66450.0
2026-01-02,Semua Provinsi,0,Cabai Rawit Merah,67800.0
2026-01-05,Semua Provinsi,0,Cabai Rawit Merah,64500.0
2026-01-06,Semua Provinsi,0,Cabai Rawit Merah,62850.0
2026-01-07,Semua Provinsi,0,Cabai Rawit Merah,60800.0
2026-01-08,Semua Provinsi,0,Cabai Rawit Merah,59500.0
2026-01-09,Semua Provinsi,0,Cabai Rawit Merah,58250.0
2026-01-12,Semua Provinsi,0,Cabai Rawit Merah,55800.0
2026-01-13,Semua Provinsi,0,Cabai Rawit Merah,54850.0
2026-01-14,Semua Provinsi,0,Cabai Rawit Merah,54550.0
2026-01-15,Semua Provinsi,0,Cabai Rawit Merah,54000.0
2026-01-16,Semua Provinsi,0,Cabai Rawit Merah,54000.0
2026-01-19,Semua Provinsi,0,Cabai Rawit Merah,55000.0
2026-01-20,Semua Provinsi,0,Cabai Rawit Merah,55350.0
2026-01-21,Semua Provinsi,0,Cabai Rawit Merah,54850.0
2026-01-22,Semua Provinsi,0,Cabai Rawit Merah,55050.0
2026-01-23,Semua Provinsi,0,Cabai Rawit Merah,55000.0
2026-01-26,Semua Provinsi,0,Cabai Rawit Merah,56350.0
2026-01-27,Semua Provinsi,0,Cabai Rawit Merah,57050.0
2026-01-28,Semua Provinsi,0,Cabai Rawit Merah,57600.0
2026-01-29,Semua Provinsi,0,Cabai Rawit Merah,59400.0
2026-01-30,Semua Provinsi,0,Cabai Rawit Merah,61050.0
2026-02-02,Semua Provinsi,0,Cabai Rawit Merah,64150.0
2026-02-03,Semua Provinsi,0,Cabai Rawit Merah,65650.0
2026-02-04,Semua Provinsi,0,Cabai Rawit Merah,68850.0
2026-02-05,Semua Provinsi,0,Cabai Rawit Merah,71200.0
2026-02-06,Semua Provinsi,0,Cabai Rawit Merah,72500.0
2026-02-09,Semua Provinsi,0,Cabai Rawit Merah,75300.0
2026-02-10,Semua Provinsi,0,Cabai Rawit Merah,76150.0
2026-02-11,Semua Provinsi,0,Cabai Rawit Merah,76550.0
2026-02-12,Semua Provinsi,0,Cabai Rawit Merah,76750.0
2026-02-13,Semua Provinsi,0,Cabai Rawit Merah,77050.0
2026-02-16,Semua Provinsi,0,Cabai Rawit Merah,77400.0
2026-02-17,Semua Provinsi,0,Cabai Rawit Merah,77300.0
2026-02-18,Semua Provinsi,0,Cabai Rawit Merah,81350.0
2026-02-19,Semua Provinsi,0,Cabai Rawit Merah,81850.0
2026-02-20,Semua Provinsi,0,Cabai Rawit Merah,84800.0
2026-02-23,Semua Provinsi,0,Cabai Rawit Merah,83700.0
2026-02-24,Semua Provinsi,0,Cabai Rawit Merah,81300.0
2026-02-25,Semua Provinsi,0,Cabai Rawit Merah,78450.0
2026-02-26,Semua Provinsi,0,Cabai Rawit Merah,75550.0
2026-02-27,Semua Provinsi,0,Cabai Rawit Merah,74650.0
2026-03-02,Semua Provinsi,0,Cabai Rawit Merah,74550.0
2026-03-03,Semua Provinsi,0,Cabai Rawit Merah,74600.0
2026-03-04,Semua Provinsi,0,Cabai Rawit Merah,77400.0
2026-03-05,Semua Provinsi,0,Cabai Rawit Merah,78500.0
2026-03-06,Semua Provinsi,0,Cabai Rawit Merah,78950.0
2026-03-09,Semua Provinsi,0,Cabai Rawit Merah,81550.0
2026-03-10,Semua Provinsi,0,Cabai Rawit Merah,82350.0
2026-03-11,Semua Provinsi,0,Cabai Rawit Merah,82900.0
2026-03-12,Semua Provinsi,0,Cabai Rawit Merah,83300.0
2026-03-13,Semua Provinsi,0,Cabai Rawit Merah,84400.0
2026-03-16,Semua Provinsi,0,Cabai Rawit Merah,89650.0
2026-03-17,Semua Provinsi,0,Cabai Rawit Merah,92950.0
2026-03-18,Semua Provinsi,0,Cabai Rawit Merah,93500.0
2026-03-19,Semua Provinsi,0,Cabai Rawit Merah,93250.0
2026-03-20,Semua Provinsi,0,Cabai Rawit Merah,93250.0
2026-03-23,Semua Provinsi,0,Cabai Rawit Merah,93850.0
2026-03-24,Semua Provinsi,0,Cabai Rawit Merah,94150.0
2026-03-25,Semua Provinsi,0,Cabai Rawit Merah,91700.0
2026-03-26,Semua Provinsi,0,Cabai Rawit Merah,86950.0
2026-03-27,Semua Provinsi,0,Cabai Rawit Merah,85600.0
2026-03-30,Semua Provinsi,0,Cabai Rawit Merah,85750.0
2026-03-31,Semua Provinsi,0,Cabai Rawit Merah,86750.0
2026-04-01,Semua Provinsi,0,Cabai Rawit Merah,86500.0
2026-04-02,Semua Provinsi,0,Cabai Rawit Merah,86050.0
2026-04-03,Semua Provinsi,0,Cabai Rawit Merah,86050.0
2026-04-06,Semua Provinsi,0,Cabai Rawit Merah,85550.0
2026-04-07,Semua Provinsi,0,Cabai Rawit Merah,86150.0
2026-04-08,Semua Provinsi,0,Cabai Rawit Merah,85200.0
2026-04-09,Semua Provinsi,0,Cabai Rawit Merah,84250.0
2026-04-10,Semua Provinsi,0,Cabai Rawit Merah,83100.0
2026-04-13,Semua Provinsi,0,Cabai Rawit Merah,78600.0
2026-04-14,Semua Provinsi,0,Cabai Rawit Merah,77450.0
2026-04-15,Semua Provinsi,0,Cabai Rawit Merah,75900.0
2026-04-16,Semua Provinsi,0,Cabai Rawit Merah,73900.0
2026-04-17,Semua Provinsi,0,Cabai Rawit Merah,71750.0
2026-04-20,Semua Provinsi,0,Cabai Rawit Merah,68300.0
2026-04-21,Semua Provinsi,0,Cabai Rawit Merah,67400.0
2026-04-22,Semua Provinsi,0,Cabai Rawit Merah,66100.0
2026-04-23,Semua Provinsi,0,Cabai Rawit Merah,64750.0
2026-04-24,Semua Provinsi,0,Cabai Rawit Merah,64050.0
2026-04-27,Semua Provinsi,0,Cabai Rawit Merah,61600.0
2026-04-28,Semua Provinsi,0,Cabai Rawit Merah,61100.0
2026-04-29,Semua Provinsi,0,Cabai Rawit Merah,60400.0
2026-04-30,Semua Provinsi,0,Cabai Rawit Merah,58650.0
2026-05-01,Semua Provinsi,0,Cabai Rawit Merah,59650.0
2026-05-04,Semua Provinsi,0,Cabai Rawit Merah,63500.0
2026-05-05,Semua Provinsi,0,Cabai Rawit Merah,63850.0
2026-05-06,Semua Provinsi,0,Cabai Rawit Merah,64800.0
2026-05-07,Semua Provinsi,0,Cabai Rawit Merah,64800.0
2026-05-08,Semua Provinsi,0,Cabai Rawit Merah,65100.0
2026-05-11,Semua Provinsi,0,Cabai Rawit Merah,67650.0
2026-05-12,Semua Provinsi,0,Cabai Rawit Merah,68050.0
2026-05-13,Semua Provinsi,0,Cabai Rawit Merah,68400.0
2026-05-14,Semua Provinsi,0,Cabai Rawit Merah,68350.0
2026-05-15,Semua Provinsi,0,Cabai Rawit Merah,68500.0
2026-05-18,Semua Provinsi,0,Cabai Rawit Merah,71750.0
2026-05-19,Semua Provinsi,0,Cabai Rawit Merah,72000.0
2026-05-20,Semua Provinsi,0,Cabai Rawit Merah,72650.0
2026-05-21,Semua Provinsi,0,Cabai Rawit Merah,72850.0
2026-05-22,Semua Provinsi,0,Cabai Rawit Merah,73400.0
2026-05-25,Semua Provinsi,0,Cabai Rawit Merah,79000.0
2026-05-26,Semua Provinsi,0,Cabai Rawit Merah,80250.0
2026-05-27,Semua Provinsi,0,Cabai Rawit Merah,80250.0
2026-05-28,Semua Provinsi,0,Cabai Rawit Merah,80550.0
2026-05-29,Semua Provinsi,0,Cabai Rawit Merah,82450.0
2026-06-01,Semua Provinsi,0,Cabai Rawit Merah,82050.0
2026-06-02,Semua Provinsi,0,Cabai Rawit Merah,74700.0
2026-06-03,Semua Provinsi,0,Cabai Rawit Merah,74400.0
2026-06-04,Semua Provinsi,0,Cabai Rawit Merah,74900.0
2026-06-05,Semua Provinsi,0,Cabai Rawit Merah,75700.0
2026-06-08,Semua Provinsi,0,Cabai Rawit Merah,75150.0
2026-06-09,Semua Provinsi,0,Cabai Rawit Merah,75450.0
2026-06-10,Semua Provinsi,0,Cabai Rawit Merah,75550.0
2026-06-11,Semua Provinsi,0,Cabai Rawit Merah,75250.0
2026-06-12,Semua Provinsi,0,Cabai Rawit Merah,74550.0
2026-06-15,Semua Provinsi,0,Cabai Rawit Merah,75750.0
2026-06-16,Semua Provinsi,0,Cabai Rawit Merah,75450.0
2026-06-17,Semua Provinsi,0,Cabai Rawit Merah,77200.0
2026-06-18,Semua Provinsi,0,Cabai Rawit Merah,77200.0
2026-06-19,Semua Provinsi,0,Cabai Rawit Merah,76300.0
2026-06-22,Semua Provinsi,0,Cabai Rawit Merah,72800.0
2026-06-23,Semua Provinsi,0,Cabai Rawit Merah,71850.0
2026-06-24,Semua Provinsi,0,Cabai Rawit Merah,70300.0
2026-06-25,Semua Provinsi,0,Cabai Rawit Merah,68900.0
2026-06-26,Semua Provinsi,0,Cabai Rawit Merah,67450.0
2026-06-29,Semua Provinsi,0,Cabai Rawit Merah,65200.0
2026-06-30,Semua Provinsi,0,Cabai Rawit Merah,64050.0
2026-07-01,Semua Provinsi,0,Cabai Rawit Merah,63900.0
2026-07-02,Semua Provinsi,0,Cabai Rawit Merah,63200.0
2026-07-03,Semua Provinsi,0,Cabai Rawit Merah,62050.0
2026-07-06,Semua Provinsi,0,Cabai Rawit Merah,62150.0
2026-07-07,Semua Provinsi,0,Cabai Rawit Merah,61900.0
2026-07-08,Semua Provinsi,0,Cabai Rawit Merah,61450.0
2026-07-09,Semua Provinsi,0,Cabai Rawit Merah,60700.0
2026-07-10,Semua Provinsi,0,Cabai Rawit Merah,59850.0
2026-07-13,Semua Provinsi,0,Cabai Rawit Merah,59200.0
2026-07-14,Semua Provinsi,0,Cabai Rawit Merah,58400.0
2026-07-15,Semua Provinsi,0,Cabai Rawit Merah,58150.0
2026-07-16,Semua Provinsi,0,Cabai Rawit Merah,57450.0
